VTX, IDX, in_POSITION0.x, in_POSITION0.y, in_POSITION0.z, in_NORMAL0.x, in_NORMAL0.y, in_NORMAL0.z, in_NORMAL0.w, in_TANGENT0.x, in_TANGENT0.y, in_TANGENT0.z, in_TANGENT0.w, in_TEXCOORD0.x, in_TEXCOORD0.y, in_TEXCOORD1.x, in_TEXCOORD1.y
0, 0, -1.63034, 0.01874, 0.3243, 0.00, 1.00, 2.38419E-07, 0.00, -0.19495, 0.00, -0.98096, -1.00, 0.50049, 0.02017, 0.50036, 0.02333
1, 1, -1.63034, 0.01874, -0.32429, 0.00, 1.00, 2.38419E-07, 0.00, -0.19519, 0.00, -0.98096, -1.00, 0.68457, 0.05682, 0.68355, 0.05975
2, 2, -1.66228, 0.01874, 3.05176E-07, 2.98023E-07, 1.00, 2.38419E-07, 0.00, -0.19495, 0.00, -0.98096, -1.00, 0.59424, 0.02942, 0.59382, 0.03252
3, 0, -1.63034, 0.01874, 0.3243, 0.00, 1.00, 2.38419E-07, 0.00, -0.19495, 0.00, -0.98096, -1.00, 0.50049, 0.02017, 0.50036, 0.02333
4, 3, -1.53575, 0.01874, -0.63613, 0.00, 1.00, 2.38419E-07, 0.00, -0.19519, 0.00, -0.98096, -1.00, 0.76807, 0.10132, 0.76625, 0.10398
5, 1, -1.63034, 0.01874, -0.32429, 0.00, 1.00, 2.38419E-07, 0.00, -0.19519, 0.00, -0.98096, -1.00, 0.68457, 0.05682, 0.68355, 0.05975
6, 0, -1.63034, 0.01874, 0.3243, 0.00, 1.00, 2.38419E-07, 0.00, -0.19495, 0.00, -0.98096, -1.00, 0.50049, 0.02017, 0.50036, 0.02333
7, 4, -1.53575, 0.01874, 0.63613, 0.00, 1.00, 2.38419E-07, 0.00, -0.19495, 0.00, -0.98096, -1.00, 0.40625, 0.02943, 0.40692, 0.03254
8, 3, -1.53575, 0.01874, -0.63613, 0.00, 1.00, 2.38419E-07, 0.00, -0.19519, 0.00, -0.98096, -1.00, 0.76807, 0.10132, 0.76625, 0.10398
9, 4, -1.53575, 0.01874, 0.63613, 0.00, 1.00, 2.38419E-07, 0.00, -0.19495, 0.00, -0.98096, -1.00, 0.40625, 0.02943, 0.40692, 0.03254
10, 5, -1.38214, 0.01874, -0.92351, 0.00, 1.00, 2.38419E-07, 0.00, -0.19373, 0.00, -0.98096, -1.00, 0.84131, 0.16101, 0.83874, 0.1635
11, 3, -1.53575, 0.01874, -0.63613, 0.00, 1.00, 2.38419E-07, 0.00, -0.19519, 0.00, -0.98096, -1.00, 0.76807, 0.10132, 0.76625, 0.10398
12, 4, -1.53575, 0.01874, 0.63613, 0.00, 1.00, 2.38419E-07, 0.00, -0.19495, 0.00, -0.98096, -1.00, 0.40625, 0.02943, 0.40692, 0.03254
13, 6, -1.38214, 0.01874, 0.92351, 0.00, 1.00, 2.38419E-07, 0.00, -0.19507, 0.00, -0.98096, -1.00, 0.31592, 0.05685, 0.31715, 0.05977
14, 5, -1.38214, 0.01874, -0.92351, 0.00, 1.00, 2.38419E-07, 0.00, -0.19373, 0.00, -0.98096, -1.00, 0.84131, 0.16101, 0.83874, 0.1635
15, 6, -1.38214, 0.01874, 0.92351, 0.00, 1.00, 2.38419E-07, 0.00, -0.19507, 0.00, -0.98096, -1.00, 0.31592, 0.05685, 0.31715, 0.05977
16, 7, -1.17541, 0.01874, -1.17541, 0.00, 1.00, 2.38419E-07, 0.00, -0.19495, 0.00, -0.98096, -1.00, 0.90088, 0.23438, 0.89824, 0.23602
17, 5, -1.38214, 0.01874, -0.92351, 0.00, 1.00, 2.38419E-07, 0.00, -0.19373, 0.00, -0.98096, -1.00, 0.84131, 0.16101, 0.83874, 0.1635
18, 6, -1.38214, 0.01874, 0.92351, 0.00, 1.00, 2.38419E-07, 0.00, -0.19507, 0.00, -0.98096, -1.00, 0.31592, 0.05685, 0.31715, 0.05977
19, 8, -1.17541, 0.01874, 1.17541, 0.00, 1.00, 2.38419E-07, 0.00, -0.19519, 0.00, -0.98096, -1.00, 0.23279, 0.10138, 0.23447, 0.104
20, 7, -1.17541, 0.01874, -1.17541, 0.00, 1.00, 2.38419E-07, 0.00, -0.19495, 0.00, -0.98096, -1.00, 0.90088, 0.23438, 0.89824, 0.23602
21, 8, -1.17541, 0.01874, 1.17541, 0.00, 1.00, 2.38419E-07, 0.00, -0.19519, 0.00, -0.98096, -1.00, 0.23279, 0.10138, 0.23447, 0.104
22, 9, -0.92351, 0.01874, -1.38214, 0.00, 1.00, 2.38419E-07, 0.00, -0.19519, 0.00, -0.98096, -1.00, 0.94531, 0.31763, 0.94246, 0.31876
23, 7, -1.17541, 0.01874, -1.17541, 0.00, 1.00, 2.38419E-07, 0.00, -0.19495, 0.00, -0.98096, -1.00, 0.90088, 0.23438, 0.89824, 0.23602
24, 8, -1.17541, 0.01874, 1.17541, 0.00, 1.00, 2.38419E-07, 0.00, -0.19519, 0.00, -0.98096, -1.00, 0.23279, 0.10138, 0.23447, 0.104
25, 10, -0.92351, 0.01874, 1.38214, 0.00, 1.00, 2.38419E-07, 0.00, -0.19519, 0.00, -0.98096, -1.00, 0.15979, 0.16125, 0.162, 0.16351
26, 9, -0.92351, 0.01874, -1.38214, 0.00, 1.00, 2.38419E-07, 0.00, -0.19519, 0.00, -0.98096, -1.00, 0.94531, 0.31763, 0.94246, 0.31876
27, 10, -0.92351, 0.01874, 1.38214, 0.00, 1.00, 2.38419E-07, 0.00, -0.19519, 0.00, -0.98096, -1.00, 0.15979, 0.16125, 0.162, 0.16351
28, 11, -0.63613, 0.01874, -1.53575, 0.00, 1.00, 2.38419E-07, 0.00, -0.19507, 0.00, -0.98096, -1.00, 0.97266, 0.40796, 0.96969, 0.40854
29, 9, -0.92351, 0.01874, -1.38214, 0.00, 1.00, 2.38419E-07, 0.00, -0.19519, 0.00, -0.98096, -1.00, 0.94531, 0.31763, 0.94246, 0.31876
30, 10, -0.92351, 0.01874, 1.38214, 0.00, 1.00, 2.38419E-07, 0.00, -0.19519, 0.00, -0.98096, -1.00, 0.15979, 0.16125, 0.162, 0.16351
31, 12, -0.63613, 0.01874, 1.53575, 0.00, 1.00, 2.38419E-07, 0.00, -0.19507, 0.00, -0.98096, -1.00, 0.09985, 0.23425, 0.10253, 0.23603
32, 11, -0.63613, 0.01874, -1.53575, 0.00, 1.00, 2.38419E-07, 0.00, -0.19507, 0.00, -0.98096, -1.00, 0.97266, 0.40796, 0.96969, 0.40854
33, 12, -0.63613, 0.01874, 1.53575, 0.00, 1.00, 2.38419E-07, 0.00, -0.19507, 0.00, -0.98096, -1.00, 0.09985, 0.23425, 0.10253, 0.23603
34, 13, -0.32429, 0.01874, -1.63034, 0.00, 1.00, 2.38419E-07, 0.00, -0.19507, 0.00, -0.98096, -1.00, 0.98193, 0.50195, 0.9789, 0.50194
35, 11, -0.63613, 0.01874, -1.53575, 0.00, 1.00, 2.38419E-07, 0.00, -0.19507, 0.00, -0.98096, -1.00, 0.97266, 0.40796, 0.96969, 0.40854
36, 12, -0.63613, 0.01874, 1.53575, 0.00, 1.00, 2.38419E-07, 0.00, -0.19507, 0.00, -0.98096, -1.00, 0.09985, 0.23425, 0.10253, 0.23603
37, 14, -0.32429, 0.01874, 1.63034, 0.00, 1.00, 2.38419E-07, 0.00, -0.19519, 0.00, -0.98096, -1.00, 0.05539, 0.31763, 0.05835, 0.31875
38, 13, -0.32429, 0.01874, -1.63034, 0.00, 1.00, 2.38419E-07, 0.00, -0.19507, 0.00, -0.98096, -1.00, 0.98193, 0.50195, 0.9789, 0.50194
39, 15, 1.52588E-07, 0.01874, 1.66228, 0.00, 1.00, 2.38419E-07, 0.00, -0.19519, 0.00, -0.98096, -1.00, 0.02802, 0.40796, 0.03115, 0.40851
40, 13, -0.32429, 0.01874, -1.63034, 0.00, 1.00, 2.38419E-07, 0.00, -0.19507, 0.00, -0.98096, -1.00, 0.98193, 0.50195, 0.9789, 0.50194
41, 14, -0.32429, 0.01874, 1.63034, 0.00, 1.00, 2.38419E-07, 0.00, -0.19519, 0.00, -0.98096, -1.00, 0.05539, 0.31763, 0.05835, 0.31875
42, 15, 1.52588E-07, 0.01874, 1.66228, 0.00, 1.00, 2.38419E-07, 0.00, -0.19519, 0.00, -0.98096, -1.00, 0.02802, 0.40796, 0.03115, 0.40851
43, 16, 1.52588E-07, 0.01874, -1.66228, 0.00, 1.00, 2.38419E-07, 0.00, -0.19519, 0.00, -0.98096, -1.00, 0.97266, 0.59619, 0.96958, 0.59531
44, 13, -0.32429, 0.01874, -1.63034, 0.00, 1.00, 2.38419E-07, 0.00, -0.19507, 0.00, -0.98096, -1.00, 0.98193, 0.50195, 0.9789, 0.50194
45, 17, 0.3243, 0.01874, -1.63034, 0.00, 1.00, 2.38419E-07, 0.00, -0.19519, 0.00, -0.98096, -1.00, 0.94531, 0.68652, 0.94225, 0.68512
46, 16, 1.52588E-07, 0.01874, -1.66228, 0.00, 1.00, 2.38419E-07, 0.00, -0.19519, 0.00, -0.98096, -1.00, 0.97266, 0.59619, 0.96958, 0.59531
47, 15, 1.52588E-07, 0.01874, 1.66228, 0.00, 1.00, 2.38419E-07, 0.00, -0.19519, 0.00, -0.98096, -1.00, 0.02802, 0.40796, 0.03115, 0.40851
48, 17, 0.3243, 0.01874, -1.63034, 0.00, 1.00, 2.38419E-07, 0.00, -0.19519, 0.00, -0.98096, -1.00, 0.94531, 0.68652, 0.94225, 0.68512
49, 15, 1.52588E-07, 0.01874, 1.66228, 0.00, 1.00, 2.38419E-07, 0.00, -0.19519, 0.00, -0.98096, -1.00, 0.02802, 0.40796, 0.03115, 0.40851
50, 18, 0.3243, 0.01874, 1.63034, 0.00, 1.00, 2.38419E-07, 0.00, -0.19531, 0.00, -0.98096, -1.00, 0.01881, 0.50195, 0.02204, 0.50194
51, 19, 0.63613, 0.01874, -1.53575, 0.00, 1.00, 2.38419E-07, 0.00, -0.19519, 0.00, -0.98096, -1.00, 0.90088, 0.76953, 0.89795, 0.76789
52, 17, 0.3243, 0.01874, -1.63034, 0.00, 1.00, 2.38419E-07, 0.00, -0.19519, 0.00, -0.98096, -1.00, 0.94531, 0.68652, 0.94225, 0.68512
53, 18, 0.3243, 0.01874, 1.63034, 0.00, 1.00, 2.38419E-07, 0.00, -0.19531, 0.00, -0.98096, -1.00, 0.01881, 0.50195, 0.02204, 0.50194
54, 19, 0.63613, 0.01874, -1.53575, 0.00, 1.00, 2.38419E-07, 0.00, -0.19519, 0.00, -0.98096, -1.00, 0.90088, 0.76953, 0.89795, 0.76789
55, 18, 0.3243, 0.01874, 1.63034, 0.00, 1.00, 2.38419E-07, 0.00, -0.19531, 0.00, -0.98096, -1.00, 0.01881, 0.50195, 0.02204, 0.50194
56, 20, 0.63613, 0.01874, 1.53575, 0.00, 1.00, 2.38419E-07, 0.00, -0.19556, 0.00, -0.98047, -1.00, 0.02805, 0.5957, 0.03122, 0.59518
57, 21, 0.92351, 0.01874, -1.38214, 0.00, 1.00, 2.38419E-07, 0.00, -0.19531, 0.00, -0.98096, -1.00, 0.84082, 0.84277, 0.83838, 0.84043
58, 19, 0.63613, 0.01874, -1.53575, 0.00, 1.00, 2.38419E-07, 0.00, -0.19519, 0.00, -0.98096, -1.00, 0.90088, 0.76953, 0.89795, 0.76789
59, 20, 0.63613, 0.01874, 1.53575, 0.00, 1.00, 2.38419E-07, 0.00, -0.19556, 0.00, -0.98047, -1.00, 0.02805, 0.5957, 0.03122, 0.59518
60, 21, 0.92351, 0.01874, -1.38214, 0.00, 1.00, 2.38419E-07, 0.00, -0.19531, 0.00, -0.98096, -1.00, 0.84082, 0.84277, 0.83838, 0.84043
61, 20, 0.63613, 0.01874, 1.53575, 0.00, 1.00, 2.38419E-07, 0.00, -0.19556, 0.00, -0.98047, -1.00, 0.02805, 0.5957, 0.03122, 0.59518
62, 22, 0.92351, 0.01874, 1.38214, 0.00, 1.00, 2.38419E-07, 0.00, -0.1958, 0.00, -0.98047, -1.00, 0.05545, 0.68604, 0.05842, 0.68491
63, 23, 1.17541, 0.01874, -1.17541, 0.00, 1.00, 2.38419E-07, 0.00, -0.19556, 0.00, -0.98047, -1.00, 0.76758, 0.90283, 0.76581, 0.89996
64, 21, 0.92351, 0.01874, -1.38214, 0.00, 1.00, 2.38419E-07, 0.00, -0.19531, 0.00, -0.98096, -1.00, 0.84082, 0.84277, 0.83838, 0.84043
65, 22, 0.92351, 0.01874, 1.38214, 0.00, 1.00, 2.38419E-07, 0.00, -0.1958, 0.00, -0.98047, -1.00, 0.05545, 0.68604, 0.05842, 0.68491
66, 23, 1.17541, 0.01874, -1.17541, 0.00, 1.00, 2.38419E-07, 0.00, -0.19556, 0.00, -0.98047, -1.00, 0.76758, 0.90283, 0.76581, 0.89996
67, 22, 0.92351, 0.01874, 1.38214, 0.00, 1.00, 2.38419E-07, 0.00, -0.1958, 0.00, -0.98047, -1.00, 0.05545, 0.68604, 0.05842, 0.68491
68, 24, 1.17541, 0.01874, 1.17541, 0.00, 1.00, 2.38419E-07, 0.00, -0.19556, 0.00, -0.98047, -1.00, 0.10004, 0.76904, 0.10258, 0.76762
69, 25, 1.38214, 0.01874, -0.92351, 0.00, 1.00, 2.38419E-07, 0.00, -0.19543, 0.00, -0.98096, -1.00, 0.68408, 0.94727, 0.68305, 0.94417
70, 23, 1.17541, 0.01874, -1.17541, 0.00, 1.00, 2.38419E-07, 0.00, -0.19556, 0.00, -0.98047, -1.00, 0.76758, 0.90283, 0.76581, 0.89996
71, 24, 1.17541, 0.01874, 1.17541, 0.00, 1.00, 2.38419E-07, 0.00, -0.19556, 0.00, -0.98047, -1.00, 0.10004, 0.76904, 0.10258, 0.76762
72, 25, 1.38214, 0.01874, -0.92351, 0.00, 1.00, 2.38419E-07, 0.00, -0.19543, 0.00, -0.98096, -1.00, 0.68408, 0.94727, 0.68305, 0.94417
73, 24, 1.17541, 0.01874, 1.17541, 0.00, 1.00, 2.38419E-07, 0.00, -0.19556, 0.00, -0.98047, -1.00, 0.10004, 0.76904, 0.10258, 0.76762
74, 26, 1.38214, 0.01874, 0.92351, 0.00, 1.00, 2.38419E-07, 0.00, -0.19495, 0.00, -0.98096, -1.00, 0.15942, 0.84277, 0.162, 0.84012
75, 27, 1.53575, 0.01874, -0.63613, 0.00, 1.00, 2.38419E-07, 0.00, -0.19556, 0.00, -0.98047, -1.00, 0.59375, 0.97461, 0.5932, 0.97136
76, 25, 1.38214, 0.01874, -0.92351, 0.00, 1.00, 2.38419E-07, 0.00, -0.19543, 0.00, -0.98096, -1.00, 0.68408, 0.94727, 0.68305, 0.94417
77, 26, 1.38214, 0.01874, 0.92351, 0.00, 1.00, 2.38419E-07, 0.00, -0.19495, 0.00, -0.98096, -1.00, 0.15942, 0.84277, 0.162, 0.84012
78, 27, 1.53575, 0.01874, -0.63613, 0.00, 1.00, 2.38419E-07, 0.00, -0.19556, 0.00, -0.98047, -1.00, 0.59375, 0.97461, 0.5932, 0.97136
79, 26, 1.38214, 0.01874, 0.92351, 0.00, 1.00, 2.38419E-07, 0.00, -0.19495, 0.00, -0.98096, -1.00, 0.15942, 0.84277, 0.162, 0.84012
80, 28, 1.53575, 0.01874, 0.63613, 0.00, 1.00, 2.38419E-07, 0.00, -0.19739, 0.00, -0.98047, -1.00, 0.23242, 0.90234, 0.23438, 0.89963
81, 29, 1.63034, 0.01874, -0.32429, 0.00, 1.00, 2.38419E-07, 0.00, -0.19727, 0.00, -0.98047, -1.00, 0.49976, 0.9834, 0.49967, 0.98045
82, 27, 1.53575, 0.01874, -0.63613, 0.00, 1.00, 2.38419E-07, 0.00, -0.19556, 0.00, -0.98047, -1.00, 0.59375, 0.97461, 0.5932, 0.97136
83, 28, 1.53575, 0.01874, 0.63613, 0.00, 1.00, 2.38419E-07, 0.00, -0.19739, 0.00, -0.98047, -1.00, 0.23242, 0.90234, 0.23438, 0.89963
84, 29, 1.63034, 0.01874, -0.32429, 0.00, 1.00, 2.38419E-07, 0.00, -0.19727, 0.00, -0.98047, -1.00, 0.49976, 0.9834, 0.49967, 0.98045
85, 28, 1.53575, 0.01874, 0.63613, 0.00, 1.00, 2.38419E-07, 0.00, -0.19739, 0.00, -0.98047, -1.00, 0.23242, 0.90234, 0.23438, 0.89963
86, 30, 1.63034, 0.01874, 0.3243, 0.00, 1.00, 2.38419E-07, 0.00, -0.19763, 0.00, -0.98047, -1.00, 0.31567, 0.94678, 0.31689, 0.94386
87, 29, 1.63034, 0.01874, -0.32429, 0.00, 1.00, 2.38419E-07, 0.00, -0.19727, 0.00, -0.98047, -1.00, 0.49976, 0.9834, 0.49967, 0.98045
88, 30, 1.63034, 0.01874, 0.3243, 0.00, 1.00, 2.38419E-07, 0.00, -0.19763, 0.00, -0.98047, -1.00, 0.31567, 0.94678, 0.31689, 0.94386
89, 31, 1.66228, 0.01874, 3.05176E-07, -2.98023E-07, 1.00, 2.38419E-07, 0.00, -0.19873, 0.00, -0.97998, -1.00, 0.40576, 0.97412, 0.40628, 0.97114
90, 32, 1.66228, 0.01874, 3.05176E-07, 0.75879, 0.65137, 2.98023E-07, 0.00, -0.12598, 0.14673, -0.98096, -1.00, 0.40576, 0.97412, 0.40628, 0.97114
91, 33, 1.64611, 1.04613E-07, -0.32743, 0.74414, 0.65137, -0.14807, 0.00, -0.19617, 0.00132, -0.98047, -1.00, 0.49976, 0.99072, 0.49965, 0.99079
92, 34, 1.63034, 0.01874, -0.32429, 0.74414, 0.65137, -0.14807, 0.00, -0.19617, 0.00133, -0.98047, -1.00, 0.49976, 0.9834, 0.49967, 0.98045
93, 32, 1.66228, 0.01874, 3.05176E-07, 0.75879, 0.65137, 2.98023E-07, 0.00, -0.12598, 0.14673, -0.98096, -1.00, 0.40576, 0.97412, 0.40628, 0.97114
94, 35, 1.67836, 3.69548E-08, 3.05176E-07, 0.75879, 0.65137, 2.98023E-07, 0.00, -0.12598, 0.14685, -0.98096, -1.00, 0.4043, 0.98145, 0.40419, 0.98125
95, 33, 1.64611, 1.04613E-07, -0.32743, 0.74414, 0.65137, -0.14807, 0.00, -0.19617, 0.00132, -0.98047, -1.00, 0.49976, 0.99072, 0.49965, 0.99079
96, 34, 1.63034, 0.01874, -0.32429, 0.74414, 0.65137, -0.14807, 0.00, -0.19617, 0.00133, -0.98047, -1.00, 0.49976, 0.9834, 0.49967, 0.98045
97, 33, 1.64611, 1.04613E-07, -0.32743, 0.74414, 0.65137, -0.14807, 0.00, -0.19617, 0.00132, -0.98047, -1.00, 0.49976, 0.99072, 0.49965, 0.99079
98, 36, 1.55061, 1.69671E-07, -0.64228, 0.70117, 0.65137, -0.29028, 0.00, -0.25757, -0.14856, -0.95459, -1.00, 0.59521, 0.98145, 0.59514, 0.98155
99, 37, 1.63034, 0.01874, 0.3243, 0.74414, 0.65137, 0.14807, 0.00, -0.06229, 0.28833, -0.95557, -1.00, 0.31567, 0.94678, 0.31689, 0.94386
100, 35, 1.67836, 3.69548E-08, 3.05176E-07, 0.75879, 0.65137, 2.98023E-07, 0.00, -0.12598, 0.14685, -0.98096, -1.00, 0.4043, 0.98145, 0.40419, 0.98125
101, 32, 1.66228, 0.01874, 3.05176E-07, 0.75879, 0.65137, 2.98023E-07, 0.00, -0.12598, 0.14673, -0.98096, -1.00, 0.40576, 0.97412, 0.40628, 0.97114
102, 34, 1.63034, 0.01874, -0.32429, 0.74414, 0.65137, -0.14807, 0.00, -0.19617, 0.00133, -0.98047, -1.00, 0.49976, 0.9834, 0.49967, 0.98045
103, 36, 1.55061, 1.69671E-07, -0.64228, 0.70117, 0.65137, -0.29028, 0.00, -0.25757, -0.14856, -0.95459, -1.00, 0.59521, 0.98145, 0.59514, 0.98155
104, 38, 1.53575, 0.01874, -0.63613, 0.70117, 0.65137, -0.29028, 0.00, -0.25757, -0.14844, -0.95459, -1.00, 0.59375, 0.97461, 0.5932, 0.97136
105, 37, 1.63034, 0.01874, 0.3243, 0.74414, 0.65137, 0.14807, 0.00, -0.06229, 0.28833, -0.95557, -1.00, 0.31567, 0.94678, 0.31689, 0.94386
106, 39, 1.64611, -2.59585E-07, 0.32743, 0.74414, 0.65137, 0.14807, 0.00, -0.06213, 0.28833, -0.95557, -1.00, 0.31299, 0.95361, 0.31293, 0.95342
107, 35, 1.67836, 3.69548E-08, 3.05176E-07, 0.75879, 0.65137, 2.98023E-07, 0.00, -0.12598, 0.14685, -0.98096, -1.00, 0.4043, 0.98145, 0.40419, 0.98125
108, 38, 1.53575, 0.01874, -0.63613, 0.70117, 0.65137, -0.29028, 0.00, -0.25757, -0.14844, -0.95459, -1.00, 0.59375, 0.97461, 0.5932, 0.97136
109, 36, 1.55061, 1.69671E-07, -0.64228, 0.70117, 0.65137, -0.29028, 0.00, -0.25757, -0.14856, -0.95459, -1.00, 0.59521, 0.98145, 0.59514, 0.98155
110, 40, 1.39551, 2.29629E-07, -0.93245, 0.63086, 0.65137, -0.42163, 0.00, -0.30322, -0.29321, -0.90674, -1.00, 0.68701, 0.95361, 0.68699, 0.95374
111, 41, 1.53575, 0.01874, 0.63613, 0.70117, 0.65137, 0.29028, 0.00, -0.0166, 0.42212, -0.90625, -1.00, 0.23242, 0.90234, 0.23438, 0.89963
112, 39, 1.64611, -2.59585E-07, 0.32743, 0.74414, 0.65137, 0.14807, 0.00, -0.06213, 0.28833, -0.95557, -1.00, 0.31299, 0.95361, 0.31293, 0.95342
113, 37, 1.63034, 0.01874, 0.3243, 0.74414, 0.65137, 0.14807, 0.00, -0.06229, 0.28833, -0.95557, -1.00, 0.31567, 0.94678, 0.31689, 0.94386
114, 38, 1.53575, 0.01874, -0.63613, 0.70117, 0.65137, -0.29028, 0.00, -0.25757, -0.14844, -0.95459, -1.00, 0.59375, 0.97461, 0.5932, 0.97136
115, 40, 1.39551, 2.29629E-07, -0.93245, 0.63086, 0.65137, -0.42163, 0.00, -0.30322, -0.29321, -0.90674, -1.00, 0.68701, 0.95361, 0.68699, 0.95374
116, 42, 1.38214, 0.01874, -0.92351, 0.63086, 0.65137, -0.42163, 0.00, -0.30347, -0.29272, -0.90674, -1.00, 0.68408, 0.94727, 0.68305, 0.94417
117, 41, 1.53575, 0.01874, 0.63613, 0.70117, 0.65137, 0.29028, 0.00, -0.0166, 0.42212, -0.90625, -1.00, 0.23242, 0.90234, 0.23438, 0.89963
118, 43, 1.55061, -3.24643E-07, 0.64228, 0.70117, 0.65137, 0.29028, 0.00, -0.01562, 0.42114, -0.90674, -1.00, 0.22864, 0.9082, 0.22862, 0.90823
119, 39, 1.64611, -2.59585E-07, 0.32743, 0.74414, 0.65137, 0.14807, 0.00, -0.06213, 0.28833, -0.95557, -1.00, 0.31299, 0.95361, 0.31293, 0.95342
120, 42, 1.38214, 0.01874, -0.92351, 0.63086, 0.65137, -0.42163, 0.00, -0.30347, -0.29272, -0.90674, -1.00, 0.68408, 0.94727, 0.68305, 0.94417
121, 40, 1.39551, 2.29629E-07, -0.93245, 0.63086, 0.65137, -0.42163, 0.00, -0.30322, -0.29321, -0.90674, -1.00, 0.68701, 0.95361, 0.68699, 0.95374
122, 44, 1.18678, 5.30137E-07, -1.18678, 0.53662, 0.65137, -0.53662, 0.00, -0.3291, -0.42407, -0.84375, -1.00, 0.77148, 0.90869, 0.77156, 0.90856
123, 45, 1.38214, 0.01874, 0.92351, 0.63086, 0.65137, 0.42163, 0.00, -0.00437, 0.54639, -0.8374, -1.00, 0.15942, 0.84277, 0.162, 0.84012
124, 43, 1.55061, -3.24643E-07, 0.64228, 0.70117, 0.65137, 0.29028, 0.00, -0.01562, 0.42114, -0.90674, -1.00, 0.22864, 0.9082, 0.22862, 0.90823
125, 41, 1.53575, 0.01874, 0.63613, 0.70117, 0.65137, 0.29028, 0.00, -0.0166, 0.42212, -0.90625, -1.00, 0.23242, 0.90234, 0.23438, 0.89963
126, 42, 1.38214, 0.01874, -0.92351, 0.63086, 0.65137, -0.42163, 0.00, -0.30347, -0.29272, -0.90674, -1.00, 0.68408, 0.94727, 0.68305, 0.94417
127, 44, 1.18678, 5.30137E-07, -1.18678, 0.53662, 0.65137, -0.53662, 0.00, -0.3291, -0.42407, -0.84375, -1.00, 0.77148, 0.90869, 0.77156, 0.90856
128, 46, 1.17541, 0.01874, -1.17541, 0.53662, 0.65137, -0.53662, 0.00, -0.32886, -0.42407, -0.84375, -1.00, 0.76758, 0.90283, 0.76581, 0.89996
129, 45, 1.38214, 0.01874, 0.92351, 0.63086, 0.65137, 0.42163, 0.00, -0.00437, 0.54639, -0.8374, -1.00, 0.15942, 0.84277, 0.162, 0.84012
130, 47, 1.39551, -3.84601E-07, 0.93245, 0.63086, 0.65137, 0.42163, 0.00, -0.00348, 0.5459, -0.83789, -1.00, 0.15466, 0.84766, 0.15468, 0.84743
131, 43, 1.55061, -3.24643E-07, 0.64228, 0.70117, 0.65137, 0.29028, 0.00, -0.01562, 0.42114, -0.90674, -1.00, 0.22864, 0.9082, 0.22862, 0.90823
132, 46, 1.17541, 0.01874, -1.17541, 0.53662, 0.65137, -0.53662, 0.00, -0.32886, -0.42407, -0.84375, -1.00, 0.76758, 0.90283, 0.76581, 0.89996
133, 44, 1.18678, 5.30137E-07, -1.18678, 0.53662, 0.65137, -0.53662, 0.00, -0.3291, -0.42407, -0.84375, -1.00, 0.77148, 0.90869, 0.77156, 0.90856
134, 48, 0.93245, 5.73267E-07, -1.39551, 0.42163, 0.65137, -0.63086, 0.00, -0.3313, -0.53711, -0.77588, -1.00, 0.8457, 0.84766, 0.84569, 0.84774
135, 49, 1.17541, 0.01874, 1.17541, 0.53662, 0.65137, 0.53662, 0.00, 0.02136, 0.625, -0.78027, -1.00, 0.10004, 0.76904, 0.10258, 0.76762
136, 47, 1.39551, -3.84601E-07, 0.93245, 0.63086, 0.65137, 0.42163, 0.00, -0.00348, 0.5459, -0.83789, -1.00, 0.15466, 0.84766, 0.15468, 0.84743
137, 45, 1.38214, 0.01874, 0.92351, 0.63086, 0.65137, 0.42163, 0.00, -0.00437, 0.54639, -0.8374, -1.00, 0.15942, 0.84277, 0.162, 0.84012
138, 46, 1.17541, 0.01874, -1.17541, 0.53662, 0.65137, -0.53662, 0.00, -0.32886, -0.42407, -0.84375, -1.00, 0.76758, 0.90283, 0.76581, 0.89996
139, 48, 0.93245, 5.73267E-07, -1.39551, 0.42163, 0.65137, -0.63086, 0.00, -0.3313, -0.53711, -0.77588, -1.00, 0.8457, 0.84766, 0.84569, 0.84774
140, 50, 0.92351, 0.01874, -1.38214, 0.42163, 0.65137, -0.63086, 0.00, -0.33008, -0.5376, -0.77588, -1.00, 0.84082, 0.84277, 0.83838, 0.84043
141, 49, 1.17541, 0.01874, 1.17541, 0.53662, 0.65137, 0.53662, 0.00, 0.02136, 0.625, -0.78027, -1.00, 0.10004, 0.76904, 0.10258, 0.76762
142, 51, 1.18678, -4.37154E-07, 1.18678, 0.53662, 0.65137, 0.53662, 0.00, 0.02264, 0.62451, -0.78076, -1.00, 0.09399, 0.77344, 0.09398, 0.77336
143, 47, 1.39551, -3.84601E-07, 0.93245, 0.63086, 0.65137, 0.42163, 0.00, -0.00348, 0.5459, -0.83789, -1.00, 0.15466, 0.84766, 0.15468, 0.84743
144, 50, 0.92351, 0.01874, -1.38214, 0.42163, 0.65137, -0.63086, 0.00, -0.33008, -0.5376, -0.77588, -1.00, 0.84082, 0.84277, 0.83838, 0.84043
145, 48, 0.93245, 5.73267E-07, -1.39551, 0.42163, 0.65137, -0.63086, 0.00, -0.3313, -0.53711, -0.77588, -1.00, 0.8457, 0.84766, 0.84569, 0.84774
146, 52, 0.64228, 6.05315E-07, -1.55061, 0.29028, 0.65137, -0.70117, 0.00, -0.30591, -0.63086, -0.71289, -1.00, 0.90674, 0.77344, 0.90656, 0.77363
147, 53, 0.92351, 0.01874, 1.38214, 0.42163, 0.65137, 0.63086, 0.00, -0.01106, 0.69922, -0.71436, -1.00, 0.05545, 0.68604, 0.05842, 0.68491
148, 51, 1.18678, -4.37154E-07, 1.18678, 0.53662, 0.65137, 0.53662, 0.00, 0.02264, 0.62451, -0.78076, -1.00, 0.09399, 0.77344, 0.09398, 0.77336
149, 49, 1.17541, 0.01874, 1.17541, 0.53662, 0.65137, 0.53662, 0.00, 0.02136, 0.625, -0.78027, -1.00, 0.10004, 0.76904, 0.10258, 0.76762
150, 50, 0.92351, 0.01874, -1.38214, 0.42163, 0.65137, -0.63086, 0.00, -0.33008, -0.5376, -0.77588, -1.00, 0.84082, 0.84277, 0.83838, 0.84043
151, 52, 0.64228, 6.05315E-07, -1.55061, 0.29028, 0.65137, -0.70117, 0.00, -0.30591, -0.63086, -0.71289, -1.00, 0.90674, 0.77344, 0.90656, 0.77363
152, 54, 0.63613, 0.01874, -1.53575, 0.29028, 0.65137, -0.70117, 0.00, -0.30396, -0.63184, -0.71289, -1.00, 0.90088, 0.76953, 0.89795, 0.76789
153, 53, 0.92351, 0.01874, 1.38214, 0.42163, 0.65137, 0.63086, 0.00, -0.01106, 0.69922, -0.71436, -1.00, 0.05545, 0.68604, 0.05842, 0.68491
154, 55, 0.93245, -4.80284E-07, 1.39551, 0.42163, 0.65137, 0.63086, 0.00, -0.00832, 0.69873, -0.71533, -1.00, 0.04886, 0.68896, 0.04887, 0.68888
155, 51, 1.18678, -4.37154E-07, 1.18678, 0.53662, 0.65137, 0.53662, 0.00, 0.02264, 0.62451, -0.78076, -1.00, 0.09399, 0.77344, 0.09398, 0.77336
156, 54, 0.63613, 0.01874, -1.53575, 0.29028, 0.65137, -0.70117, 0.00, -0.30396, -0.63184, -0.71289, -1.00, 0.90088, 0.76953, 0.89795, 0.76789
157, 52, 0.64228, 6.05315E-07, -1.55061, 0.29028, 0.65137, -0.70117, 0.00, -0.30591, -0.63086, -0.71289, -1.00, 0.90674, 0.77344, 0.90656, 0.77363
158, 56, 0.32743, 6.25050E-07, -1.64611, 0.14807, 0.65137, -0.74414, 0.00, -0.25806, -0.70117, -0.66455, -1.00, 0.95166, 0.68896, 0.95181, 0.68908
159, 57, 0.63613, 0.01874, 1.53575, 0.29028, 0.65137, 0.70117, 0.00, -0.06329, 0.74414, -0.66504, -1.00, 0.02805, 0.5957, 0.03122, 0.59518
160, 55, 0.93245, -4.80284E-07, 1.39551, 0.42163, 0.65137, 0.63086, 0.00, -0.00832, 0.69873, -0.71533, -1.00, 0.04886, 0.68896, 0.04887, 0.68888
161, 53, 0.92351, 0.01874, 1.38214, 0.42163, 0.65137, 0.63086, 0.00, -0.01106, 0.69922, -0.71436, -1.00, 0.05545, 0.68604, 0.05842, 0.68491
162, 54, 0.63613, 0.01874, -1.53575, 0.29028, 0.65137, -0.70117, 0.00, -0.30396, -0.63184, -0.71289, -1.00, 0.90088, 0.76953, 0.89795, 0.76789
163, 56, 0.32743, 6.25050E-07, -1.64611, 0.14807, 0.65137, -0.74414, 0.00, -0.25806, -0.70117, -0.66455, -1.00, 0.95166, 0.68896, 0.95181, 0.68908
164, 58, 0.3243, 0.01874, -1.63034, 0.14807, 0.65137, -0.74414, 0.00, -0.25562, -0.70166, -0.66504, -1.00, 0.94531, 0.68652, 0.94225, 0.68512
165, 57, 0.63613, 0.01874, 1.53575, 0.29028, 0.65137, 0.70117, 0.00, -0.06329, 0.74414, -0.66504, -1.00, 0.02805, 0.5957, 0.03122, 0.59518
166, 59, 0.64228, -5.12332E-07, 1.55061, 0.29028, 0.65137, 0.70117, 0.00, -0.06039, 0.74365, -0.66602, -1.00, 0.02107, 0.59717, 0.02108, 0.59722
167, 55, 0.93245, -4.80284E-07, 1.39551, 0.42163, 0.65137, 0.63086, 0.00, -0.00832, 0.69873, -0.71533, -1.00, 0.04886, 0.68896, 0.04887, 0.68888
168, 58, 0.3243, 0.01874, -1.63034, 0.14807, 0.65137, -0.74414, 0.00, -0.25562, -0.70166, -0.66504, -1.00, 0.94531, 0.68652, 0.94225, 0.68512
169, 56, 0.32743, 6.25050E-07, -1.64611, 0.14807, 0.65137, -0.74414, 0.00, -0.25806, -0.70117, -0.66455, -1.00, 0.95166, 0.68896, 0.95181, 0.68908
170, 60, 1.52588E-07, 6.31714E-07, -1.67836, 0.00, 0.65137, -0.75879, 0.00, -0.1947, -0.74414, -0.63867, -1.00, 0.97949, 0.59717, 0.97972, 0.59734
171, 61, 0.3243, 0.01874, 1.63034, 0.14807, 0.65137, 0.74414, 0.00, -0.12024, 0.75879, -0.64014, -1.00, 0.01881, 0.50195, 0.02204, 0.50194
172, 59, 0.64228, -5.12332E-07, 1.55061, 0.29028, 0.65137, 0.70117, 0.00, -0.06039, 0.74365, -0.66602, -1.00, 0.02107, 0.59717, 0.02108, 0.59722
173, 57, 0.63613, 0.01874, 1.53575, 0.29028, 0.65137, 0.70117, 0.00, -0.06329, 0.74414, -0.66504, -1.00, 0.02805, 0.5957, 0.03122, 0.59518
174, 58, 0.3243, 0.01874, -1.63034, 0.14807, 0.65137, -0.74414, 0.00, -0.25562, -0.70166, -0.66504, -1.00, 0.94531, 0.68652, 0.94225, 0.68512
175, 60, 1.52588E-07, 6.31714E-07, -1.67836, 0.00, 0.65137, -0.75879, 0.00, -0.1947, -0.74414, -0.63867, -1.00, 0.97949, 0.59717, 0.97972, 0.59734
176, 62, 1.52588E-07, 0.01874, -1.66228, 0.00, 0.65137, -0.75879, 0.00, -0.19482, -0.74414, -0.63867, -1.00, 0.97266, 0.59619, 0.96958, 0.59531
177, 61, 0.3243, 0.01874, 1.63034, 0.14807, 0.65137, 0.74414, 0.00, -0.12024, 0.75879, -0.64014, -1.00, 0.01881, 0.50195, 0.02204, 0.50194
178, 63, 0.32743, -5.32067E-07, 1.64611, 0.14807, 0.65137, 0.74414, 0.00, -0.117, 0.75879, -0.64063, -1.00, 0.0117, 0.50195, 0.0117, 0.50194
179, 59, 0.64228, -5.12332E-07, 1.55061, 0.29028, 0.65137, 0.70117, 0.00, -0.06039, 0.74365, -0.66602, -1.00, 0.02107, 0.59717, 0.02108, 0.59722
180, 62, 1.52588E-07, 0.01874, -1.66228, 0.00, 0.65137, -0.75879, 0.00, -0.19482, -0.74414, -0.63867, -1.00, 0.97266, 0.59619, 0.96958, 0.59531
181, 60, 1.52588E-07, 6.31714E-07, -1.67836, 0.00, 0.65137, -0.75879, 0.00, -0.1947, -0.74414, -0.63867, -1.00, 0.97949, 0.59717, 0.97972, 0.59734
182, 64, -0.32743, 6.25050E-07, -1.64611, -0.14807, 0.65137, -0.74414, 0.00, -0.12463, -0.75879, -0.63916, -1.00, 0.98926, 0.50195, 0.98924, 0.50194
183, 65, 1.52588E-07, 0.01874, 1.66228, 0.00, 0.65137, 0.75879, 0.00, -0.1969, 0.74414, -0.63867, -1.00, 0.02802, 0.40796, 0.03115, 0.40851
184, 63, 0.32743, -5.32067E-07, 1.64611, 0.14807, 0.65137, 0.74414, 0.00, -0.117, 0.75879, -0.64063, -1.00, 0.0117, 0.50195, 0.0117, 0.50194
185, 61, 0.3243, 0.01874, 1.63034, 0.14807, 0.65137, 0.74414, 0.00, -0.12024, 0.75879, -0.64014, -1.00, 0.01881, 0.50195, 0.02204, 0.50194
186, 62, 1.52588E-07, 0.01874, -1.66228, 0.00, 0.65137, -0.75879, 0.00, -0.19482, -0.74414, -0.63867, -1.00, 0.97266, 0.59619, 0.96958, 0.59531
187, 64, -0.32743, 6.25050E-07, -1.64611, -0.14807, 0.65137, -0.74414, 0.00, -0.12463, -0.75879, -0.63916, -1.00, 0.98926, 0.50195, 0.98924, 0.50194
188, 66, -0.32429, 0.01874, -1.63034, -0.14807, 0.65137, -0.74414, 0.00, -0.12793, -0.75879, -0.63867, -1.00, 0.98193, 0.50195, 0.9789, 0.50194
189, 65, 1.52588E-07, 0.01874, 1.66228, 0.00, 0.65137, 0.75879, 0.00, -0.1969, 0.74414, -0.63867, -1.00, 0.02802, 0.40796, 0.03115, 0.40851
190, 67, 1.52588E-07, -5.38731E-07, 1.67836, 0.00, 0.65137, 0.75879, 0.00, -0.19653, 0.74414, -0.63867, -1.00, 0.021, 0.40649, 0.021, 0.40652
191, 63, 0.32743, -5.32067E-07, 1.64611, 0.14807, 0.65137, 0.74414, 0.00, -0.117, 0.75879, -0.64063, -1.00, 0.0117, 0.50195, 0.0117, 0.50194
192, 66, -0.32429, 0.01874, -1.63034, -0.14807, 0.65137, -0.74414, 0.00, -0.12793, -0.75879, -0.63867, -1.00, 0.98193, 0.50195, 0.9789, 0.50194
193, 64, -0.32743, 6.25050E-07, -1.64611, -0.14807, 0.65137, -0.74414, 0.00, -0.12463, -0.75879, -0.63916, -1.00, 0.98926, 0.50195, 0.98924, 0.50194
194, 68, -0.64228, 6.05315E-07, -1.55061, -0.29028, 0.65137, -0.70117, 0.00, -0.05811, -0.74316, -0.6665, -1.00, 0.97998, 0.40649, 0.97984, 0.40652
195, 69, -0.32429, 0.01874, 1.63034, -0.14807, 0.65137, 0.74414, 0.00, -0.25684, 0.70166, -0.66504, -1.00, 0.05539, 0.31763, 0.05835, 0.31875
196, 67, 1.52588E-07, -5.38731E-07, 1.67836, 0.00, 0.65137, 0.75879, 0.00, -0.19653, 0.74414, -0.63867, -1.00, 0.021, 0.40649, 0.021, 0.40652
197, 65, 1.52588E-07, 0.01874, 1.66228, 0.00, 0.65137, 0.75879, 0.00, -0.1969, 0.74414, -0.63867, -1.00, 0.02802, 0.40796, 0.03115, 0.40851
198, 66, -0.32429, 0.01874, -1.63034, -0.14807, 0.65137, -0.74414, 0.00, -0.12793, -0.75879, -0.63867, -1.00, 0.98193, 0.50195, 0.9789, 0.50194
199, 68, -0.64228, 6.05315E-07, -1.55061, -0.29028, 0.65137, -0.70117, 0.00, -0.05811, -0.74316, -0.6665, -1.00, 0.97998, 0.40649, 0.97984, 0.40652
200, 70, -0.63613, 0.01874, -1.53575, -0.29028, 0.65137, -0.70117, 0.00, -0.06122, -0.74365, -0.66553, -1.00, 0.97266, 0.40796, 0.96969, 0.40854
201, 69, -0.32429, 0.01874, 1.63034, -0.14807, 0.65137, 0.74414, 0.00, -0.25684, 0.70166, -0.66504, -1.00, 0.05539, 0.31763, 0.05835, 0.31875
202, 71, -0.32743, -5.32067E-07, 1.64611, -0.14807, 0.65137, 0.74414, 0.00, -0.25928, 0.70068, -0.66455, -1.00, 0.04877, 0.31494, 0.04878, 0.31482
203, 67, 1.52588E-07, -5.38731E-07, 1.67836, 0.00, 0.65137, 0.75879, 0.00, -0.19653, 0.74414, -0.63867, -1.00, 0.021, 0.40649, 0.021, 0.40652
204, 70, -0.63613, 0.01874, -1.53575, -0.29028, 0.65137, -0.70117, 0.00, -0.06122, -0.74365, -0.66553, -1.00, 0.97266, 0.40796, 0.96969, 0.40854
205, 68, -0.64228, 6.05315E-07, -1.55061, -0.29028, 0.65137, -0.70117, 0.00, -0.05811, -0.74316, -0.6665, -1.00, 0.97998, 0.40649, 0.97984, 0.40652
206, 72, -0.93245, 5.73267E-07, -1.39551, -0.42163, 0.65137, -0.63086, 0.00, -0.00809, -0.69824, -0.71582, -1.00, 0.95215, 0.3147, 0.95202, 0.31481
207, 73, -0.63613, 0.01874, 1.53575, -0.29028, 0.65137, 0.70117, 0.00, -0.30469, 0.63135, -0.71289, -1.00, 0.09985, 0.23425, 0.10253, 0.23603
208, 71, -0.32743, -5.32067E-07, 1.64611, -0.14807, 0.65137, 0.74414, 0.00, -0.25928, 0.70068, -0.66455, -1.00, 0.04877, 0.31494, 0.04878, 0.31482
209, 69, -0.32429, 0.01874, 1.63034, -0.14807, 0.65137, 0.74414, 0.00, -0.25684, 0.70166, -0.66504, -1.00, 0.05539, 0.31763, 0.05835, 0.31875
210, 70, -0.63613, 0.01874, -1.53575, -0.29028, 0.65137, -0.70117, 0.00, -0.06122, -0.74365, -0.66553, -1.00, 0.97266, 0.40796, 0.96969, 0.40854
211, 72, -0.93245, 5.73267E-07, -1.39551, -0.42163, 0.65137, -0.63086, 0.00, -0.00809, -0.69824, -0.71582, -1.00, 0.95215, 0.3147, 0.95202, 0.31481
212, 74, -0.92351, 0.01874, -1.38214, -0.42163, 0.65137, -0.63086, 0.00, -0.01075, -0.69922, -0.71484, -1.00, 0.94531, 0.31763, 0.94246, 0.31876
213, 73, -0.63613, 0.01874, 1.53575, -0.29028, 0.65137, 0.70117, 0.00, -0.30469, 0.63135, -0.71289, -1.00, 0.09985, 0.23425, 0.10253, 0.23603
214, 75, -0.64228, -5.12332E-07, 1.55061, -0.29028, 0.65137, 0.70117, 0.00, -0.30493, 0.63135, -0.71289, -1.00, 0.09393, 0.23035, 0.09391, 0.23031
215, 71, -0.32743, -5.32067E-07, 1.64611, -0.14807, 0.65137, 0.74414, 0.00, -0.25928, 0.70068, -0.66455, -1.00, 0.04877, 0.31494, 0.04878, 0.31482
216, 74, -0.92351, 0.01874, -1.38214, -0.42163, 0.65137, -0.63086, 0.00, -0.01075, -0.69922, -0.71484, -1.00, 0.94531, 0.31763, 0.94246, 0.31876
217, 72, -0.93245, 5.73267E-07, -1.39551, -0.42163, 0.65137, -0.63086, 0.00, -0.00809, -0.69824, -0.71582, -1.00, 0.95215, 0.3147, 0.95202, 0.31481
218, 76, -1.18678, 5.30137E-07, -1.18678, -0.53662, 0.65137, -0.53662, 0.00, 0.02121, -0.62549, -0.78027, -1.00, 0.90674, 0.23035, 0.90686, 0.23029
219, 77, -0.92351, 0.01874, 1.38214, -0.42163, 0.65137, 0.63086, 0.00, -0.33301, 0.53613, -0.77588, -1.00, 0.15979, 0.16125, 0.162, 0.16351
220, 75, -0.64228, -5.12332E-07, 1.55061, -0.29028, 0.65137, 0.70117, 0.00, -0.30493, 0.63135, -0.71289, -1.00, 0.09393, 0.23035, 0.09391, 0.23031
221, 73, -0.63613, 0.01874, 1.53575, -0.29028, 0.65137, 0.70117, 0.00, -0.30469, 0.63135, -0.71289, -1.00, 0.09985, 0.23425, 0.10253, 0.23603
222, 74, -0.92351, 0.01874, -1.38214, -0.42163, 0.65137, -0.63086, 0.00, -0.01075, -0.69922, -0.71484, -1.00, 0.94531, 0.31763, 0.94246, 0.31876
223, 76, -1.18678, 5.30137E-07, -1.18678, -0.53662, 0.65137, -0.53662, 0.00, 0.02121, -0.62549, -0.78027, -1.00, 0.90674, 0.23035, 0.90686, 0.23029
224, 78, -1.17541, 0.01874, -1.17541, -0.53662, 0.65137, -0.53662, 0.00, 0.02014, -0.62598, -0.77979, -1.00, 0.90088, 0.23438, 0.89824, 0.23602
225, 77, -0.92351, 0.01874, 1.38214, -0.42163, 0.65137, 0.63086, 0.00, -0.33301, 0.53613, -0.77588, -1.00, 0.15979, 0.16125, 0.162, 0.16351
226, 79, -0.93245, -4.80284E-07, 1.39551, -0.42163, 0.65137, 0.63086, 0.00, -0.33154, 0.53711, -0.77588, -1.00, 0.15466, 0.15625, 0.15466, 0.15622
227, 75, -0.64228, -5.12332E-07, 1.55061, -0.29028, 0.65137, 0.70117, 0.00, -0.30493, 0.63135, -0.71289, -1.00, 0.09393, 0.23035, 0.09391, 0.23031
228, 78, -1.17541, 0.01874, -1.17541, -0.53662, 0.65137, -0.53662, 0.00, 0.02014, -0.62598, -0.77979, -1.00, 0.90088, 0.23438, 0.89824, 0.23602
229, 76, -1.18678, 5.30137E-07, -1.18678, -0.53662, 0.65137, -0.53662, 0.00, 0.02121, -0.62549, -0.78027, -1.00, 0.90674, 0.23035, 0.90686, 0.23029
230, 80, -1.39551, 2.29629E-07, -0.93245, -0.63086, 0.65137, -0.42163, 0.00, -0.0083, -0.54883, -0.83594, -1.00, 0.84619, 0.15625, 0.84608, 0.1562
231, 81, -1.17541, 0.01874, 1.17541, -0.53662, 0.65137, 0.53662, 0.00, -0.33252, 0.42114, -0.84375, -1.00, 0.23279, 0.10138, 0.23447, 0.104
232, 79, -0.93245, -4.80284E-07, 1.39551, -0.42163, 0.65137, 0.63086, 0.00, -0.33154, 0.53711, -0.77588, -1.00, 0.15466, 0.15625, 0.15466, 0.15622
233, 77, -0.92351, 0.01874, 1.38214, -0.42163, 0.65137, 0.63086, 0.00, -0.33301, 0.53613, -0.77588, -1.00, 0.15979, 0.16125, 0.162, 0.16351
234, 78, -1.17541, 0.01874, -1.17541, -0.53662, 0.65137, -0.53662, 0.00, 0.02014, -0.62598, -0.77979, -1.00, 0.90088, 0.23438, 0.89824, 0.23602
235, 80, -1.39551, 2.29629E-07, -0.93245, -0.63086, 0.65137, -0.42163, 0.00, -0.0083, -0.54883, -0.83594, -1.00, 0.84619, 0.15625, 0.84608, 0.1562
236, 82, -1.38214, 0.01874, -0.92351, -0.63086, 0.65137, -0.42163, 0.00, -0.00738, -0.54834, -0.83594, -1.00, 0.84131, 0.16101, 0.83874, 0.1635
237, 81, -1.17541, 0.01874, 1.17541, -0.53662, 0.65137, 0.53662, 0.00, -0.33252, 0.42114, -0.84375, -1.00, 0.23279, 0.10138, 0.23447, 0.104
238, 83, -1.18678, -4.37154E-07, 1.18678, -0.53662, 0.65137, 0.53662, 0.00, -0.33179, 0.42188, -0.84375, -1.00, 0.22864, 0.0954, 0.2287, 0.09541
239, 79, -0.93245, -4.80284E-07, 1.39551, -0.42163, 0.65137, 0.63086, 0.00, -0.33154, 0.53711, -0.77588, -1.00, 0.15466, 0.15625, 0.15466, 0.15622
240, 82, -1.38214, 0.01874, -0.92351, -0.63086, 0.65137, -0.42163, 0.00, -0.00738, -0.54834, -0.83594, -1.00, 0.84131, 0.16101, 0.83874, 0.1635
241, 80, -1.39551, 2.29629E-07, -0.93245, -0.63086, 0.65137, -0.42163, 0.00, -0.0083, -0.54883, -0.83594, -1.00, 0.84619, 0.15625, 0.84608, 0.1562
242, 84, -1.55061, 1.69671E-07, -0.64228, -0.70117, 0.65137, -0.29028, 0.00, -0.01895, -0.42407, -0.90527, -1.00, 0.77197, 0.0954, 0.77201, 0.09539
243, 85, -1.38214, 0.01874, 0.92351, -0.63086, 0.65137, 0.42163, 0.00, -0.3064, 0.29004, -0.90674, -1.00, 0.31592, 0.05685, 0.31715, 0.05977
244, 83, -1.18678, -4.37154E-07, 1.18678, -0.53662, 0.65137, 0.53662, 0.00, -0.33179, 0.42188, -0.84375, -1.00, 0.22864, 0.0954, 0.2287, 0.09541
245, 81, -1.17541, 0.01874, 1.17541, -0.53662, 0.65137, 0.53662, 0.00, -0.33252, 0.42114, -0.84375, -1.00, 0.23279, 0.10138, 0.23447, 0.104
246, 82, -1.38214, 0.01874, -0.92351, -0.63086, 0.65137, -0.42163, 0.00, -0.00738, -0.54834, -0.83594, -1.00, 0.84131, 0.16101, 0.83874, 0.1635
247, 84, -1.55061, 1.69671E-07, -0.64228, -0.70117, 0.65137, -0.29028, 0.00, -0.01895, -0.42407, -0.90527, -1.00, 0.77197, 0.0954, 0.77201, 0.09539
248, 86, -1.53575, 0.01874, -0.63613, -0.70117, 0.65137, -0.29028, 0.00, -0.01775, -0.4231, -0.90576, -1.00, 0.76807, 0.10132, 0.76625, 0.10398
249, 85, -1.38214, 0.01874, 0.92351, -0.63086, 0.65137, 0.42163, 0.00, -0.3064, 0.29004, -0.90674, -1.00, 0.31592, 0.05685, 0.31715, 0.05977
250, 87, -1.39551, -3.84601E-07, 0.93245, -0.63086, 0.65137, 0.42163, 0.00, -0.30591, 0.29053, -0.90674, -1.00, 0.31323, 0.05023, 0.31317, 0.05023
251, 83, -1.18678, -4.37154E-07, 1.18678, -0.53662, 0.65137, 0.53662, 0.00, -0.33179, 0.42188, -0.84375, -1.00, 0.22864, 0.0954, 0.2287, 0.09541
252, 86, -1.53575, 0.01874, -0.63613, -0.70117, 0.65137, -0.29028, 0.00, -0.01775, -0.4231, -0.90576, -1.00, 0.76807, 0.10132, 0.76625, 0.10398
253, 84, -1.55061, 1.69671E-07, -0.64228, -0.70117, 0.65137, -0.29028, 0.00, -0.01895, -0.42407, -0.90527, -1.00, 0.77197, 0.0954, 0.77201, 0.09539
254, 88, -1.64611, 1.04613E-07, -0.32743, -0.74414, 0.65137, -0.14807, 0.00, -0.06445, -0.29077, -0.95459, -1.00, 0.6875, 0.0502, 0.68752, 0.0502
255, 89, -1.53575, 0.01874, 0.63613, -0.70117, 0.65137, 0.29028, 0.00, -0.25806, 0.14783, -0.95459, -1.00, 0.40625, 0.02943, 0.40692, 0.03254
256, 87, -1.39551, -3.84601E-07, 0.93245, -0.63086, 0.65137, 0.42163, 0.00, -0.30591, 0.29053, -0.90674, -1.00, 0.31323, 0.05023, 0.31317, 0.05023
257, 85, -1.38214, 0.01874, 0.92351, -0.63086, 0.65137, 0.42163, 0.00, -0.3064, 0.29004, -0.90674, -1.00, 0.31592, 0.05685, 0.31715, 0.05977
258, 86, -1.53575, 0.01874, -0.63613, -0.70117, 0.65137, -0.29028, 0.00, -0.01775, -0.4231, -0.90576, -1.00, 0.76807, 0.10132, 0.76625, 0.10398
259, 88, -1.64611, 1.04613E-07, -0.32743, -0.74414, 0.65137, -0.14807, 0.00, -0.06445, -0.29077, -0.95459, -1.00, 0.6875, 0.0502, 0.68752, 0.0502
260, 90, -1.63034, 0.01874, -0.32429, -0.74414, 0.65137, -0.14807, 0.00, -0.06403, -0.29028, -0.95459, -1.00, 0.68457, 0.05682, 0.68355, 0.05975
261, 89, -1.53575, 0.01874, 0.63613, -0.70117, 0.65137, 0.29028, 0.00, -0.25806, 0.14783, -0.95459, -1.00, 0.40625, 0.02943, 0.40692, 0.03254
262, 91, -1.55061, -3.24643E-07, 0.64228, -0.70117, 0.65137, 0.29028, 0.00, -0.25806, 0.14795, -0.95459, -1.00, 0.40479, 0.0224, 0.40488, 0.0224
263, 87, -1.39551, -3.84601E-07, 0.93245, -0.63086, 0.65137, 0.42163, 0.00, -0.30591, 0.29053, -0.90674, -1.00, 0.31323, 0.05023, 0.31317, 0.05023
264, 90, -1.63034, 0.01874, -0.32429, -0.74414, 0.65137, -0.14807, 0.00, -0.06403, -0.29028, -0.95459, -1.00, 0.68457, 0.05682, 0.68355, 0.05975
265, 88, -1.64611, 1.04613E-07, -0.32743, -0.74414, 0.65137, -0.14807, 0.00, -0.06445, -0.29077, -0.95459, -1.00, 0.6875, 0.0502, 0.68752, 0.0502
266, 92, -1.67836, 3.69548E-08, 3.05176E-07, -0.75879, 0.65137, 2.98023E-07, 0.00, -0.12683, -0.14783, -0.98096, -1.00, 0.5957, 0.02237, 0.59584, 0.02237
267, 93, -1.63034, 0.01874, 0.3243, -0.74414, 0.65137, 0.14807, 0.00, -0.19507, 0.00, -0.98096, -1.00, 0.50049, 0.02017, 0.50036, 0.02333
268, 91, -1.55061, -3.24643E-07, 0.64228, -0.70117, 0.65137, 0.29028, 0.00, -0.25806, 0.14795, -0.95459, -1.00, 0.40479, 0.0224, 0.40488, 0.0224
269, 89, -1.53575, 0.01874, 0.63613, -0.70117, 0.65137, 0.29028, 0.00, -0.25806, 0.14783, -0.95459, -1.00, 0.40625, 0.02943, 0.40692, 0.03254
270, 90, -1.63034, 0.01874, -0.32429, -0.74414, 0.65137, -0.14807, 0.00, -0.06403, -0.29028, -0.95459, -1.00, 0.68457, 0.05682, 0.68355, 0.05975
271, 92, -1.67836, 3.69548E-08, 3.05176E-07, -0.75879, 0.65137, 2.98023E-07, 0.00, -0.12683, -0.14783, -0.98096, -1.00, 0.5957, 0.02237, 0.59584, 0.02237
272, 94, -1.66228, 0.01874, 3.05176E-07, -0.75879, 0.65137, 2.98023E-07, 0.00, -0.12671, -0.14758, -0.98096, -1.00, 0.59424, 0.02942, 0.59382, 0.03252
273, 93, -1.63034, 0.01874, 0.3243, -0.74414, 0.65137, 0.14807, 0.00, -0.19507, 0.00, -0.98096, -1.00, 0.50049, 0.02017, 0.50036, 0.02333
274, 95, -1.64611, -2.59585E-07, 0.32743, -0.74414, 0.65137, 0.14807, 0.00, -0.19507, 0.00, -0.98096, -1.00, 0.50049, 0.01299, 0.50036, 0.01299
275, 91, -1.55061, -3.24643E-07, 0.64228, -0.70117, 0.65137, 0.29028, 0.00, -0.25806, 0.14795, -0.95459, -1.00, 0.40479, 0.0224, 0.40488, 0.0224
276, 94, -1.66228, 0.01874, 3.05176E-07, -0.75879, 0.65137, 2.98023E-07, 0.00, -0.12671, -0.14758, -0.98096, -1.00, 0.59424, 0.02942, 0.59382, 0.03252
277, 92, -1.67836, 3.69548E-08, 3.05176E-07, -0.75879, 0.65137, 2.98023E-07, 0.00, -0.12683, -0.14783, -0.98096, -1.00, 0.5957, 0.02237, 0.59584, 0.02237
278, 95, -1.64611, -2.59585E-07, 0.32743, -0.74414, 0.65137, 0.14807, 0.00, -0.19507, 0.00, -0.98096, -1.00, 0.50049, 0.01299, 0.50036, 0.01299
279, 94, -1.66228, 0.01874, 3.05176E-07, -0.75879, 0.65137, 2.98023E-07, 0.00, -0.12671, -0.14758, -0.98096, -1.00, 0.59424, 0.02942, 0.59382, 0.03252
280, 95, -1.64611, -2.59585E-07, 0.32743, -0.74414, 0.65137, 0.14807, 0.00, -0.19507, 0.00, -0.98096, -1.00, 0.50049, 0.01299, 0.50036, 0.01299
281, 93, -1.63034, 0.01874, 0.3243, -0.74414, 0.65137, 0.14807, 0.00, -0.19507, 0.00, -0.98096, -1.00, 0.50049, 0.02017, 0.50036, 0.02333
